0,V_SCALE_BC_RAD_NI,V_SCALE_DU_RAD_NI,V_SCALE_DRYDEP_ACC,V_SCALE_DRYDEP_AIT,V_SCALE_DRYDEP_COA,V_SCALE_EMI_BB,V_SCALE_EMI_BF,V_SCALE_EMI_ANTH_SO2,V_SCALE_EMI_DUST,V_SCALE_SO2_REACTIONS,V_SCALE_EMI_SSA,V_SCALE_EMI_CMR_BB,V_SCALE_EMI_CMR_BF,V_SCALE_EMI_CMR_FF,V_SCALE_EMI_DMS,V_SCALE_EMI_FF,V_SCALE_NUC_FT,V_SCALE_SO4_COATING,V_SCALE_PH_PERT,V_SCALE_WETDEP_BC,V_SCALE_WETDEP_IC,V_SCALE_KAPPA_SS,V_SCALE_KAPPA_SO4
PPE_TEST_1,0.7605,1.0196e-03,1.2976,0.7299,1.6042,2.1704,2.8692,1.3491,0.8795,0.8201,2.2555,82.2067,97.5822,40.8898,1.0853,0.6465,1.8659,2.2011,4.1325e-06,1.0493,1.0374,0.8810,0.7151
PPE_TEST_2,0.2721,1.5003e-03,0.8029,0.2057,4.1846,3.7213,1.1132,1.4382,1.7349,1.9198,2.0300,60.0485,28.1477,29.1231,2.4262,1.9753,0.9526,2.8921,6.8067e-06,1.6375,1.9554,0.8446,0.6513
PPE_TEST_3,0.8848,2.6499e-05,0.2835,0.9673,4.6937,1.4101,1.0028,1.4642,0.7174,1.6267,5.7605,84.6251,79.4134,23.5402,2.8035,1.3739,4.2362,4.5270,1.0019e-05,1.8539,0.9785,0.9979,0.4431
PPE_TEST_4,0.5555,4.1258e-03,0.8377,1.0717,0.3870,0.4008,2.5751,1.3568,0.7651,1.1205,2.5617,46.7276,85.5351,43.2861,1.2308,0.6708,1.3536,1.6695,2.2258e-05,1.3036,1.2242,0.5137,0.4232
PPE_TEST_5,0.7041,6.9566e-03,1.4373,1.1533,2.6280,1.0546,2.0312,1.1954,1.4270,0.6853,3.2168,40.7514,52.9763,31.8057,1.8822,1.8568,7.8532,4.0523,2.1656e-05,0.6403,0.8185,0.5486,0.6061
PPE_TEST_6,0.3636,5.7903e-04,1.4680,0.4370,3.2854,2.9224,3.3605,1.0246,1.5789,1.0846,2.7321,28.5640,64.6759,18.0397,0.4503,1.1934,2.5968,2.9148,1.3796e-05,1.9718,0.9038,0.5032,0.6326
PPE_TEST_7,0.8351,5.1425e-03,1.3737,1.0016,2.9036,2.1146,3.7894,1.1397,1.9290,1.2826,4.8406,47.3591,47.8481,44.3167,1.6832,1.8895,1.3305,3.3196,9.8425e-06,1.0086,1.8850,0.6374,0.7987
PPE_TEST_8,0.4219,7.5306e-03,0.5209,1.1951,0.9781,1.3627,3.5300,0.9074,1.7686,1.3566,3.5888,70.9807,32.2992,15.1167,1.6225,1.2179,9.8193,0.8311,1.0166e-05,1.8728,1.8071,1.1190,0.6081
PPE_TEST_9,0.7229,5.0126e-03,0.8270,1.6506,1.9842,2.4152,2.7934,0.7426,1.2667,1.3382,2.4982,71.6922,35.6744,29.4114,1.3701,1.9373,7.4942,0.9549,2.1279e-05,0.6342,1.2977,1.0820,0.4039
PPE_TEST_10,0.8255,3.5715e-03,1.1555,1.6938,4.4748,3.2096,3.3961,1.1318,0.7475,1.9025,3.1508,87.9622,91.9988,41.9423,2.0131,1.6554,8.2719,3.8285,2.7567e-05,1.3845,1.2724,1.1546,0.7003
PPE_TEST_11,0.2835,3.8720e-03,1.4123,1.3233,3.6567,2.4724,1.7191,0.7631,0.5574,0.9563,6.5360,74.6936,48.1189,40.0893,2.6140,0.7445,1.9388,3.4873,1.3596e-05,0.9705,1.1267,0.7400,0.6038
PPE_TEST_12,0.3716,2.5834e-03,0.7511,0.3443,2.9535,2.2075,3.9294,1.1007,1.0693,1.4130,1.9284,81.1785,85.2282,33.9089,2.7374,0.5241,5.1506,2.4869,1.1554e-05,1.7040,1.3676,1.0301,0.7529
PPE_TEST_13,0.5223,5.9204e-03,0.3615,0.6731,0.4755,0.3224,1.9733,0.8137,1.9091,1.4249,6.1521,37.8758,65.5320,42.5239,1.0496,0.5977,1.5916,2.9606,2.8850e-05,1.1244,1.8152,0.9537,0.7947
PPE_TEST_14,0.8964,1.2527e-03,1.2471,1.0443,1.9292,1.6891,3.5134,1.0127,0.7916,0.5986,5.9723,85.8739,84.8132,43.6838,2.7054,1.6785,5.2769,4.4360,2.3814e-05,1.5358,1.7660,1.0330,0.4324
PPE_TEST_15,0.8693,7.0659e-03,0.8124,1.5865,0.1566,1.0356,3.4293,1.2895,1.5919,1.0710,3.7341,69.7885,74.4212,24.0320,2.2133,0.6590,2.2472,0.4549,6.6817e-06,0.8816,1.8285,0.5679,0.5853
PPE_TEST_16,0.4771,2.7386e-03,0.7270,1.3430,4.0952,3.5939,1.6887,0.9876,1.9329,1.2320,2.8790,59.9729,26.8619,26.4389,1.8501,1.0906,1.0770,0.7297,1.7103e-05,0.8171,1.4724,0.8524,0.6410
PPE_TEST_17,0.8750,7.0932e-03,0.8657,0.8780,1.2685,0.3496,1.5429,0.9720,0.9201,0.6197,7.7594,70.3281,51.9391,26.9608,0.9280,1.7433,0.6669,4.9701,2.9419e-05,0.7880,1.6063,0.7234,0.7570
PPE_TEST_18,0.2872,7.9700e-03,0.4914,1.7244,4.8723,1.2573,3.4225,0.7120,0.6053,0.5796,2.1373,34.0711,63.8340,35.4279,0.7796,1.4860,3.4010e-02,2.5446,2.8441e-05,0.9824,1.7724,0.7842,0.4249
PPE_TEST_19,0.5323,1.9828e-03,0.3557,1.5733,2.9755,1.9037,1.0431,0.8715,0.8277,1.2168,1.7978,30.9049,33.0265,39.9263,1.4635,1.7547,8.6048,2.3566,7.0506e-06,0.5734,0.8992,0.9072,0.6557
PPE_TEST_20,0.8461,5.8187e-03,1.1133,0.3883,4.5600,2.6805,3.0852,1.4102,0.9359,1.8344,7.0989,43.9027,80.5713,44.6717,0.4040,0.7045,5.9047,3.2868,3.7494e-06,0.5008,1.5519,1.1663,0.6274
PPE_TEST_21,0.8106,1.8966e-04,0.1892,1.0134,3.7554,3.1444,0.7418,1.0789,1.9924,1.7608,6.2154,61.0016,77.9884,37.7188,2.0770,1.2449,4.5460,2.8164,8.4165e-06,1.3195,1.2152,1.0435,0.6762
PPE_TEST_22,0.3831,5.5337e-03,0.9374,0.6052,2.5321,3.8475,2.0657,0.9982,0.6516,0.7425,1.3705,89.7599,66.9093,43.5563,2.4858,1.6484,6.1196,2.2814,5.1938e-06,1.8137,1.8484,0.8990,0.6585
PPE_TEST_23,0.8878,9.3022e-04,1.0505,0.2280,1.5572,0.8390,1.8204,1.1493,0.7719,0.6204,3.7735,30.1768,67.8763,17.9863,0.4844,1.8195,8.7062,1.7492,2.3107e-05,1.6045,1.2679,0.7996,0.7054
PPE_TEST_24,0.5930,6.4044e-03,1.1847,1.2659,2.0805,0.8016,0.3503,0.7738,1.6041,0.5077,0.4424,78.3544,62.6857,21.4614,0.7333,0.8320,9.6766e-02,3.9842,2.5594e-06,1.8402,1.8326,0.9608,0.5559
PPE_TEST_25,0.6440,9.8190e-03,1.3843,0.6642,3.4972,3.0744,2.0219,1.2091,1.1872,1.0696,7.2295,55.7240,31.6216,36.5459,0.7208,1.1070,9.6991,0.6588,2.0391e-06,0.7372,1.3581,1.1506,0.6254
PPE_TEST_26,0.6635,8.2045e-03,0.6860,0.4667,3.7861,0.9813,2.5669,1.3914,1.4177,1.8018,0.1403,49.6886,26.3699,19.3001,2.2530,0.5165,0.4145,3.4634,2.3288e-05,1.5623,1.9390,0.7645,0.5672
PPE_TEST_27,0.7964,3.4987e-03,1.4765,0.8580,2.4237,3.3196,3.5530,0.9722,1.9698,0.5534,6.6835,77.2486,68.2740,31.6288,1.2135,1.5445,3.1650,2.6676,1.8552e-05,1.0308,1.5254,1.1377,0.6310
PPE_TEST_28,0.6763,8.7093e-03,0.1090,1.4384,2.8367,2.3884,3.9215,0.9235,0.6467,1.4310,7.6428,53.7064,44.6235,36.9545,1.1620,1.9806,9.8959,4.4014,2.4478e-05,0.5809,0.9614,1.1433,0.6652
PPE_TEST_29,0.5615,4.5477e-03,1.3521,0.3079,2.8795,2.2460,0.5347,0.7934,1.0371,1.1572,0.2504,42.9768,38.6407,23.1721,0.6213,0.8952,7.6182,4.0286,3.4246e-06,1.7821,1.6863,0.6557,0.4166
PPE_TEST_30,0.3616,6.2438e-04,1.2044,0.3770,0.7463,3.4550,1.6323,0.8006,1.4524,1.8860,6.8112,58.6938,65.2556,24.8799,2.1976,0.5519,5.5139,0.9845,1.0341e-05,0.5115,1.2344,1.1070,0.6783
PPE_TEST_31,0.2010,6.1860e-03,0.8488,1.0238,1.7590,3.0828,2.9200,1.3075,0.9446,1.1922,4.7862,44.0846,59.5283,44.1568,1.8349,0.8231,2.9495,1.1834,9.5991e-06,0.7100,0.8515,0.7688,0.7818
PPE_TEST_32,0.3025,2.1181e-03,0.9441,0.9735,4.3927,1.9991,0.4040,1.3287,1.7511,0.5459,6.1812,85.0240,99.0938,28.4289,1.9730,0.9496,2.4704,1.4728,1.2985e-05,1.1970,1.3032,0.5218,0.5009
PPE_TEST_33,0.7354,5.2219e-03,1.4561,1.3752,3.9892,3.6036,3.2276,0.8849,1.0492,1.3141,5.6801,97.5719,70.5657,43.0055,1.7171,1.0583,8.2381,1.3187,2.3536e-05,1.3541,0.7883,0.6599,0.5195
PPE_TEST_34,0.6349,6.3106e-03,0.8309,1.5404,4.9485,2.5308,2.2602,1.1574,1.6954,1.7316,7.9919,52.5554,57.8443,24.6439,1.1042,0.6920,7.2735,1.7215,2.9836e-05,1.5172,0.6032,0.7428,0.5281
PPE_TEST_35,0.5003,5.1805e-04,1.2567,0.7558,4.9692,3.6602,2.6259,1.4587,1.3553,1.8456,7.5554,89.3923,33.8687,30.6313,1.1773,0.7339,6.0497,1.3903,2.7333e-05,0.7908,0.5057,0.8154,0.7325
PPE_TEST_36,0.6168,1.5653e-03,0.9835,1.4681,1.9086,0.6536,3.3464,0.8070,1.3879,0.9654,6.4069,69.1681,43.7561,20.4510,0.5514,0.7511,8.0933,4.5555,2.9086e-05,1.2883,0.8679,0.6019,0.5896
PPE_TEST_37,0.3235,9.2231e-03,0.4724,0.5791,0.7873,0.4375,1.6634,1.2936,0.5001,1.9790,1.8158,33.9413,95.9103,31.3163,2.2420,0.9837,0.2541,2.2318,1.1080e-05,1.1704,0.8464,0.8705,0.5339
PPE_TEST_38,0.4256,4.7106e-03,0.6901,1.0805,0.2549,1.5298,1.5908,0.8491,1.3228,0.5686,1.5072,62.3918,78.2196,22.8564,1.6097,1.1301,7.7808,4.8076,2.5743e-05,1.9034,1.0492,0.5567,0.7754
PPE_TEST_39,0.5139,3.8215e-03,0.5175,0.5008,2.6697,3.1011,0.5795,1.4448,1.9125,1.5986,0.5441,99.9083,36.8244,15.9528,1.1135,0.7115,3.9691,1.9222,2.8075e-05,0.6005,1.5955,0.7361,0.7798
PPE_TEST_40,0.3444,5.7263e-03,0.3355,0.4580,0.6103,3.1576,0.7839,1.1877,0.7355,0.9876,3.9523,55.1250,70.4620,34.5023,2.3929,1.2909,9.5642,1.1437,3.1218e-05,1.7180,0.5765,0.9430,0.5837
PPE_TEST_41,0.5409,6.3779e-03,0.2665,1.6793,2.3980,0.9021,0.9053,0.6505,1.9442,1.3679,1.1831,45.4848,73.2866,30.1723,0.9053,0.7671,9.2192,3.6245,8.1995e-06,1.3429,0.6421,0.6738,0.4652
PPE_TEST_42,0.8340,3.6976e-03,1.1336,0.6884,3.1671,1.6710,0.3774,1.0317,0.9651,0.5359,5.2099,87.4641,62.2646,32.3867,2.1212,0.7978,1.1446,4.1299,1.4852e-05,0.6290,1.9150,1.1996,0.5308
PPE_TEST_43,0.5872,8.1507e-03,0.2689,0.5697,3.6887,0.3501,1.9016,1.4875,0.6657,0.9271,4.0269,31.8718,34.3873,27.1080,0.9507,1.9120,5.3999,0.8779,1.6285e-05,1.2353,1.8758,1.0139,0.5635
PPE_TEST_44,0.4497,2.0578e-03,0.4257,1.8206,0.6496,0.6838,1.2438,1.2501,1.6303,0.6769,6.0792,26.7616,36.0039,21.1891,1.7876,1.3115,8.1876,1.6872,4.5820e-07,1.6238,0.9157,0.9862,0.7198
PPE_TEST_45,0.5884,2.7165e-03,0.2022,1.6253,0.3169,1.4618,3.4983,1.0884,0.6962,0.7657,1.6088,68.5362,35.1373,37.4044,2.5278,0.6148,9.6274,2.9798,2.7847e-05,0.7123,0.9502,0.6857,0.7590
PPE_TEST_46,0.4554,7.4334e-03,0.7085,1.4168,4.7301,3.8174,1.4883,0.8890,1.6211,0.7324,1.4569,47.5932,38.2676,41.6052,2.7302,1.5061,0.8386,4.6018,9.1568e-06,1.8341,1.1829,0.7083,0.6868
PPE_TEST_47,0.8540,7.8625e-03,0.6326,1.6626,1.8378,0.3775,1.7680,1.1427,1.5514,1.4525,4.0737,38.3947,30.6865,24.2090,2.4107,1.9276,7.0697,2.3187,8.5510e-06,1.0828,0.7779,0.5373,0.4585
PPE_TEST_48,0.8439,4.3274e-03,0.3246,1.6675,2.8154,1.2022,0.2959,1.4500,0.5239,1.4700,1.0636,72.1478,47.0726,22.2419,2.5698,1.2326,8.4270,3.7717,1.8294e-05,1.4240,1.3405,0.5458,0.4976
PPE_TEST_49,0.2899,4.6505e-03,1.3389,1.7423,4.6146,1.3154,2.1026,0.8224,1.2056,1.4933,3.8115,94.2056,97.4410,19.8086,1.4888,1.7978,8.3698,4.4802,1.2013e-05,1.2681,0.9277,0.8221,0.7370
PPE_TEST_50,0.3176,4.9787e-03,0.9728,1.4482,4.5429,3.3400,1.3880,1.0526,1.3468,0.7759,4.9489,43.1473,31.3433,18.6161,2.5795,0.9909,4.2055,4.9121,2.0195e-05,1.5919,1.9218,1.0395,0.7132
PPE_TEST_51,0.8506,5.9631e-03,0.2387,0.7190,3.8332,1.6276,0.8900,0.9165,1.7493,1.5201,7.5267,63.7600,75.9493,22.7992,1.3959,1.7142,5.6484,3.9084,7.2563e-06,1.0994,1.1391,0.7249,0.6379
PPE_TEST_52,0.6405,9.3669e-03,1.1036,0.7472,4.8484,3.4319,2.4909,0.9811,1.1617,1.2055,3.4419,79.6911,56.5098,16.5848,0.9738,1.2688,0.9293,2.4428,2.4117e-05,1.4627,0.7000,1.0629,0.7622
PPE_TEST_53,0.5710,6.7187e-03,1.0856,1.6283,3.3894,2.9660,2.4145,1.2044,0.6157,0.8197,6.9382,35.8419,34.9037,39.6249,1.3329,1.8202,3.8580,3.6834,5.0150e-06,0.7749,0.6227,0.7900,0.4003
PPE_TEST_54,0.4317,1.1579e-03,1.1259,0.5537,1.8921,0.5666,3.0330,1.0349,1.5824,1.1415,5.4008,56.5271,40.4407,44.4652,0.6622,1.5595,1.4554,0.7776,3.0070e-05,1.7577,0.7124,0.7050,0.4086
PPE_TEST_55,0.5972,9.5749e-04,0.9187,1.2126,4.2000,2.4403,3.1772,0.6975,0.8022,0.7571,0.4162,41.7252,88.6763,31.1531,0.5400,0.8194,6.1881,0.5770,3.1023e-06,1.9818,1.5605,1.1115,0.6490
PPE_TEST_56,0.3558,9.9219e-03,0.7590,0.3653,1.3985,1.0873,1.1968,0.9052,0.7578,1.6714,1.9069,50.5310,96.9899,15.5157,0.8916,1.6176,8.0217,0.9058,1.1789e-06,1.2536,1.3212,0.8063,0.5144
PPE_TEST_57,0.6943,4.2326e-04,0.9959,1.9256,3.5867,3.6250,2.3124,1.1600,1.6744,1.1875,5.3357,41.1519,76.3284,37.8270,2.1079,0.6823,5.6784,2.1299,1.9716e-05,1.3972,1.0521,1.1883,0.6889
PPE_TEST_58,0.2227,9.7944e-03,1.3202,1.9310,1.3281,2.2540,0.3277,0.6277,1.4876,1.1609,3.0888,34.9650,73.8910,38.4088,1.9283,0.6607,3.6923,4.3579,1.9240e-05,1.4080,1.9983,0.6075,0.5263
PPE_TEST_59,0.6231,9.5116e-03,0.2408,1.5449,1.0116,2.6511,0.8418,1.4075,1.9584,0.9918,3.2888,80.8347,37.6568,17.0084,1.6788,1.0436,9.1852,1.1763,5.7485e-06,1.0219,0.8745,0.6807,0.4381
PPE_TEST_60,0.3144,9.1832e-03,1.3083,1.5014,1.2902,2.8371,1.4552,1.1077,1.8092,1.2213,4.2288,50.3907,90.3762,15.6540,1.6436,1.0276,4.1390,0.3066,2.6446e-05,0.7250,1.1973,0.7000,0.5434
PPE_TEST_61,0.3974,3.4405e-03,0.5941,0.8995,3.0262,2.7258,2.2228,0.7829,1.6417,0.8557,6.4377,48.3199,93.8325,33.4216,1.2599,1.1849,9.5306,3.3780,6.1445e-06,0.8746,1.8644,1.0537,0.4294
PPE_TEST_62,0.4187,7.7585e-03,0.3878,0.2705,3.8550,2.5084,2.8947,1.0646,1.4480,1.5070,6.5296,66.2064,93.3760,17.5413,0.8518,1.0670,0.3537,2.4184,2.1752e-05,0.9959,0.6164,0.7758,0.7400
PPE_TEST_63,0.2333,9.9357e-03,1.1691,0.9888,3.5531,3.3955,3.5805,1.2243,1.0524,0.8953,1.9887,25.5290,51.2952,21.3428,1.3023,0.9706,6.3554,0.5446,2.9845e-05,0.6184,1.2078,0.9745,0.7204
PPE_TEST_64,0.2644,3.6508e-03,1.4888,1.9706,4.3051,1.5908,2.6715,1.0687,1.3323,1.9672,6.3396,67.7841,59.3225,33.1329,0.6923,1.1444,6.5416,3.5360,1.9474e-05,1.5741,1.0268,0.6642,0.4124
PPE_TEST_65,0.5379,6.6127e-03,1.3644,0.8186,3.6123,3.9160,1.9754,0.7575,0.8119,1.9290,0.1860,88.9555,80.4395,38.1584,2.0414,0.9303,3.6294,2.8423,2.5651e-05,1.5445,0.6930,0.6128,0.5100
PPE_TEST_66,0.8222,8.4987e-03,0.3747,1.4906,1.8019,1.8462,1.7775,0.6725,0.8693,0.9141,6.9673,72.7878,56.1930,25.0966,0.7450,1.0090,0.5068,3.8992,1.9965e-05,0.5584,1.9837,0.8895,0.7346
PPE_TEST_67,0.6555,3.7979e-03,1.4953,1.3080,0.5348,3.5323,1.9432,1.3374,0.5313,0.5840,1.6917,64.4637,61.2472,39.3918,0.3783,1.7883,6.2360,1.5701,2.0808e-05,1.3226,0.9987,1.1749,0.4367
PPE_TEST_68,0.2747,6.5890e-03,1.0406,0.5372,0.8160,2.8946,0.6194,1.0968,0.5424,1.0169,4.6926,75.7644,30.3325,17.2086,1.6548,0.7299,0.3360,3.5912,3.5332e-06,1.0556,1.5153,0.8558,0.7424
PPE_TEST_69,0.2537,3.9349e-03,1.0243,0.7148,3.1399,2.8243,3.6076,0.7314,1.8475,0.6603,5.4407,65.2172,86.3373,18.2686,2.6454,1.1155,5.5414,2.0262,2.2319e-07,0.6647,1.7277,0.5763,0.7245
PPE_TEST_70,0.2091,9.6668e-03,0.1457,0.2556,2.6060,1.7206,1.2212,1.2645,1.5373,0.7924,0.7262,53.4569,71.8459,30.8105,1.0093,0.5776,6.4158,4.9475,8.1123e-07,1.6621,1.6207,1.1311,0.5244
PPE_TEST_71,0.8003,5.1310e-03,1.0589,0.9357,1.1036,1.7848,3.6341,1.4572,1.5479,1.0332,6.0112,45.5972,50.1162,42.6713,1.8968,0.8672,3.4788,0.7034,2.8265e-05,0.8241,1.1413,0.8480,0.6008
PPE_TEST_72,0.5822,4.2133e-03,0.4745,1.1065,0.8629,1.7621,1.3234,0.6579,1.2364,0.6954,5.0876,51.6421,68.8594,25.5159,1.7214,1.4953,4.3410,2.7071,5.8485e-07,1.1522,0.7549,0.6925,0.4284
PPE_TEST_73,0.3274,2.2326e-03,0.5400,0.9444,4.2623,2.9758,0.9426,0.6898,1.2197,1.1154,7.8602,59.2460,45.7883,34.7411,1.4197,0.8732,0.6840,3.1096,2.1948e-05,1.1842,1.1610,0.5926,0.7689
PPE_TEST_74,0.5545,2.4463e-03,0.7938,0.6264,3.9640,3.0064,0.4789,0.9644,1.7059,1.3424,1.2917,39.5435,57.2518,36.7614,2.8482,1.2571,9.3078,1.9633,1.9083e-05,1.4569,1.7168,1.0077,0.5889
PPE_TEST_75,0.8632,3.3207e-03,0.7412,1.7094,3.9086,3.3664,0.6656,1.4801,0.5637,1.5897,7.6203,29.7254,54.6494,29.8123,1.4824,0.9007,2.8895,3.0509,2.3807e-05,0.8929,1.6155,0.7752,0.6433
PPE_TEST_76,0.3934,6.2605e-03,0.4027,1.5210,2.1063,1.8022,0.8706,1.3156,0.8904,1.2734,4.6406,92.8964,49.3463,19.4929,2.4761,1.0763,5.2409,1.2157,9.0006e-06,1.2058,1.0876,0.5711,0.5032
PPE_TEST_77,0.5187,6.0392e-03,0.5770,1.1243,2.7593,3.8895,0.5118,1.2831,1.8183,1.9301,3.5174,91.3291,52.2758,41.5716,2.1754,1.5644,3.3154,2.0799,3.1067e-05,1.0626,1.7867,0.7947,0.5526
PPE_TEST_78,0.6140,9.2854e-03,0.5716,0.9302,4.1436,2.7149,2.7687,1.2588,1.5296,1.4018,1.5800,51.1710,67.4179,16.2943,2.0734,1.8095,8.9461,4.4563,2.6052e-05,0.7416,1.2563,1.0736,0.4845
PPE_TEST_79,0.4429,5.4521e-03,0.7039,1.8519,1.0286,3.9711,2.9625,1.0403,1.7772,0.7046,5.8227,81.8875,25.2720,35.0456,0.4329,0.7703,4.7923,4.2557,7.4333e-06,0.8088,0.7682,1.1230,0.6110
PPE_TEST_80,0.7411,9.0862e-03,1.2897,1.8779,2.1762,2.7827,3.4700,0.8594,1.3914,1.2470,2.6737,35.1299,92.1369,35.6530,2.8707,1.1525,9.4329,4.1174,1.2252e-05,0.9308,1.4510,1.0488,0.7294
PPE_TEST_81,0.7500,7.1764e-03,1.1780,0.8625,2.1442,0.2782,3.8975,0.7474,1.8344,1.7841,3.6424,32.1883,46.4853,40.4185,1.9604,1.6843,3.5458,3.2655,1.2515e-05,1.6520,1.9678,0.9713,0.6736
PPE_TEST_82,0.8158,8.3503e-03,0.6044,0.5199,1.2083,3.1792,1.7320,1.2323,1.2738,1.4823,0.8208,33.3235,44.2275,44.8441,0.4550,1.5337,3.3572,0.4095,2.4765e-05,1.3702,0.5431,1.0978,0.6713
PPE_TEST_83,0.4623,8.2858e-04,0.8755,0.8311,3.0972,2.4822,2.9289,1.4891,1.1059,1.9987,1.0766,36.3024,87.7644,20.2041,0.5646,0.5406,1.5119,1.5162,2.8613e-06,0.6592,1.5498,0.9353,0.5757
PPE_TEST_84,0.4398,8.0296e-03,0.6767,0.6486,4.0703,1.2962,3.8743,0.6186,1.1327,1.7113,2.9939,83.6123,49.6204,32.7255,2.6673,0.9181,5.8125,1.0285,2.7218e-06,1.7735,1.4877,1.0007,0.4472
PPE_TEST_85,0.4343,1.6015e-03,0.4992,1.7836,0.9190,1.8966,0.7035,0.9400,1.1424,0.7139,2.2169,60.8506,99.7994,16.8749,2.3410,1.2742,2.6121,3.9551,2.2814e-05,1.4997,0.8202,0.7558,0.6348
PPE_TEST_86,0.7534,6.8051e-03,1.0899,0.4087,0.5592,2.0694,0.9792,0.6169,1.4366,1.3769,7.3275,26.0116,40.6664,22.5038,2.8309,1.1226,3.4317,4.0630,1.5170e-05,1.4165,1.9721,0.8611,0.5600
PPE_TEST_87,0.5656,3.1898e-04,0.6664,0.4779,3.3820,0.8736,1.4146,1.2976,1.0087,0.5210,4.1269,77.8023,76.6311,40.2450,1.5900,1.7072,2.5276,1.8864,4.3090e-06,1.8852,1.0981,0.8662,0.4784
PPE_TEST_88,0.8611,6.5133e-03,1.0021,1.1769,4.0267,1.1717,3.9746,0.6027,1.6697,1.6333,2.4611,64.9810,48.9286,38.3246,1.9903,1.2216,8.8612,0.7684,2.0341e-05,0.5661,1.0794,1.1030,0.5476
PPE_TEST_89,0.4125,5.4764e-03,0.4504,0.9111,4.4987,2.6069,1.3511,1.4983,1.9749,1.0580,4.4385,93.9957,61.9134,34.1416,0.5961,1.6026,6.6468,0.3608,1.5774e-05,1.1313,0.8085,0.6483,0.7462
PPE_TEST_90,0.3769,4.1838e-03,0.2179,1.3313,1.0615,3.7346,0.4317,1.3827,1.3054,1.4725,0.8831,97.0900,41.9502,21.9637,0.6405,1.9458,6.6872,2.6469,2.7006e-05,1.2446,0.6722,0.7588,0.4673
PPE_TEST_91,0.5076,2.8410e-03,0.7751,1.7561,3.7201,2.1861,1.8312,1.0050,1.1969,0.6420,0.3311,84.4228,89.0263,32.5044,2.5443,1.3300,5.7813,2.3762,7.7932e-06,0.9523,0.5535,0.7137,0.6936
PPE_TEST_92,0.7676,6.1236e-03,1.2793,1.2073,0.4567,3.9299,2.1859,0.7040,0.7810,1.7946,3.8945,37.1009,32.9752,37.3286,2.2889,1.3545,5.1119,4.7285,2.2063e-06,1.7491,0.5870,0.5878,0.6931
PPE_TEST_93,0.4752,4.9267e-03,0.3145,0.2930,2.2652,3.2319,3.7115,1.1815,1.4753,0.9700,5.2700,96.6261,41.4585,28.2965,2.9966,1.3666,8.7786,1.0157,1.5919e-05,1.0710,1.3846,0.6243,0.6147
PPE_TEST_94,0.7162,5.2920e-03,1.0786,1.2870,2.0380,2.9394,2.2477,0.8817,1.7159,1.2517,5.2445,82.8850,63.1880,23.6645,1.7623,1.6922,7.5945,3.7313,1.7698e-05,1.4358,1.1596,1.0252,0.5202
PPE_TEST_95,0.2408,4.4660e-03,1.2356,0.2787,3.5293,3.6768,3.2660,1.3682,0.9550,1.9466,1.1733,40.2473,77.4712,35.3668,1.7513,1.4011,2.7672,4.3049,3.0587e-05,0.9263,1.3328,1.1858,0.6690
PPE_TEST_96,0.6846,3.3452e-04,1.2278,1.0337,4.0376,0.7683,1.1697,0.7149,1.2551,1.1786,5.5243,68.3098,81.7244,16.6276,0.8416,1.5934,5.9743,1.3016,1.1433e-05,0.9446,0.5347,0.8963,0.4889
PPE_TEST_97,0.4703,1.3977e-03,1.1508,0.7729,2.6998,2.1379,2.5381,1.1171,1.8982,1.5151,7.9187,74.1120,46.8775,28.1846,2.2320,0.5615,0.1489,1.8498,2.1394e-05,0.8615,1.7443,0.5798,0.4614
PPE_TEST_98,0.7426,6.7729e-04,0.7666,0.4929,0.7075,1.3455,2.1628,0.8684,1.5119,0.8763,1.7355,27.5230,88.1136,32.8511,0.3614,1.7668,0.8086,2.2480,5.9636e-06,1.4498,0.8856,0.9851,0.6236
PPE_TEST_99,0.5289,3.1752e-03,0.1670,0.8108,2.2898,1.9642,0.3201,0.7355,0.6214,1.6894,1.3946,94.5748,83.8441,36.1605,1.3198,1.9627,4.2847,2.1058,9.6844e-07,1.3374,1.3157,0.8867,0.5615
PPE_TEST_100,0.3500,2.9987e-03,0.4347,1.5930,4.4182,1.5153,3.7684,1.0613,0.8557,0.5133,2.9110,88.1707,55.7065,42.9392,1.0600,1.1777,2.7109,3.3439,1.7433e-05,1.8052,1.2894,0.9629,0.7676
PPE_TEST_101,0.3793,3.0415e-03,1.3957,0.7997,4.6549,2.8556,0.6935,1.4749,1.2289,1.6666,7.2766,79.1227,98.7666,25.9609,0.3323,0.8814,8.5095,3.7937,2.4894e-05,1.9319,1.3951,0.6869,0.4209
PPE_TEST_102,0.4976,5.3468e-03,1.3310,1.4085,3.1909,3.4991,0.2668,1.3657,1.8264,1.6443,0.9142,91.7007,27.0965,36.3478,2.5064,1.9507,3.7429,1.7842,2.4358e-05,0.5305,1.0008,1.1712,0.7108
PPE_TEST_103,0.2680,5.7384e-03,1.0634,1.2534,1.3763,3.7753,3.7369,0.8944,1.8530,0.9444,3.3650,27.4705,69.0217,27.8217,0.8700,1.4137,6.8252,2.5733,1.4894e-05,1.1689,1.4944,0.7495,0.4807
PPE_TEST_104,0.5476,9.0618e-03,0.4637,0.3150,3.0447,2.0894,1.5003,0.9472,0.6855,1.5547,7.1936,80.2581,39.2812,17.6471,0.8227,1.4648,9.7805,4.8240,6.3498e-06,1.2917,1.4245,1.1603,0.6638
PPE_TEST_105,0.4824,2.1792e-03,0.4440,0.4487,1.6275,2.2901,0.6464,1.3380,1.8600,1.3000,1.0148,98.1531,82.3431,41.3828,0.9645,1.2007,7.2635,3.0880,2.9466e-05,1.7280,0.7370,0.8204,0.6966
PPE_TEST_106,0.8059,3.3354e-03,0.8894,1.9470,2.2337,0.5904,1.0545,0.6324,0.6793,1.6031,6.7364,38.7196,87.3463,41.1167,1.1950,1.9902,7.9587,4.5626,1.7802e-05,1.4753,0.8392,0.6429,0.5761
PPE_TEST_107,0.2602,1.7653e-03,0.5599,1.2411,1.5254,0.9533,1.0976,0.6817,1.1132,1.4422,4.3378,52.2530,91.4875,20.1704,1.0001,1.8998,5.4520,4.2115,7.9006e-06,0.6739,0.5690,0.5089,0.4558
PPE_TEST_108,0.4851,1.8267e-03,0.3492,1.8067,1.2451,1.9317,2.7292,1.1655,1.5676,0.8640,2.8067,57.1129,98.1614,33.3754,2.0304,1.8794,1.2271,1.2468,1.4506e-05,0.5981,0.7455,0.6065,0.5082
PPE_TEST_109,0.7914,1.3006e-03,1.1959,0.3218,4.3788,3.4016,2.1337,0.7868,1.8882,1.5686,1.2721,90.6966,45.0817,42.1457,2.9408,1.4354,2.3671,1.0995,3.0729e-05,0.5292,1.1708,0.6182,0.4527
PPE_TEST_110,0.4916,4.7500e-03,0.7862,1.9552,1.4802,2.5941,3.2188,0.9925,1.0967,1.0027,3.0579,57.5853,92.7266,34.8363,1.5239,1.9097,7.8939,3.7033,5.3533e-06,0.8389,1.0632,0.7312,0.4594
PPE_TEST_111,0.2151,2.3389e-03,0.9612,0.3920,2.3502,0.2627,3.1017,1.2170,1.2416,1.6989,2.3654,98.9098,71.2696,43.8419,2.1603,1.7244,2.8311,4.6638,2.2521e-05,1.8207,1.1194,0.8084,0.7901
PPE_TEST_112,0.2473,1.7147e-03,1.4446,1.5126,0.9379,1.4899,2.6969,0.7546,0.9850,1.7587,5.8814,92.0507,89.8920,30.3901,2.9603,0.5059,1.7457,4.7549,2.1089e-05,1.8976,1.6568,0.8393,0.5366
PPE_TEST_113,0.2278,1.0900e-03,0.8652,1.7947,2.7738,3.2682,0.5572,1.3128,1.6895,0.6033,4.3841,54.7253,53.8991,26.3895,0.5175,0.6392,2.1519,2.7966,1.6730e-05,1.6171,0.9824,0.5418,0.5680
PPE_TEST_114,0.8783,7.2596e-03,0.1210,1.9939,4.6107,0.8761,1.4368,1.4318,1.0706,1.9887,0.3747,44.6779,39.9667,27.3502,0.8018,1.8398,4.9852,2.0043,1.4086e-05,1.3692,0.9372,0.9161,0.5167
PPE_TEST_115,0.3878,8.4637e-03,1.2581,1.3912,4.8138,2.3637,1.3354,1.2372,0.5152,1.5321,4.9850,86.4105,72.0907,39.5287,1.4084,0.5809,4.8942,3.0204,1.4393e-05,0.5450,1.7584,1.0957,0.5515
PPE_TEST_116,0.4014,9.4479e-03,1.4201,1.4318,1.1464,2.0111,0.4740,1.1746,1.4985,0.7881,4.8637,61.6776,25.7288,25.3353,2.6278,1.4273,7.7123,4.1773,1.0712e-05,1.5230,1.5700,1.0219,0.5053
PPE_TEST_117,0.3077,2.8716e-03,0.3219,1.8326,2.4533,1.2487,0.9657,1.0808,1.3656,1.8976,2.7647,71.4727,43.3000,42.3006,2.4397,0.9223,4.0685,1.8277,2.2702e-05,0.9621,1.6609,0.6301,0.4497
PPE_TEST_118,0.6854,9.5928e-03,0.5048,1.0888,4.7728,0.5455,3.9788,0.6112,1.6190,1.0938,3.9882,99.4829,42.3703,21.6820,2.8148,1.0124,8.5767,0.8565,1.8172e-05,0.7506,1.5393,1.1770,0.7519
PPE_TEST_119,0.2103,5.6450e-03,0.1157,0.2233,1.7889,1.1479,2.8005,0.8354,1.0232,0.8090,4.5136,78.9529,27.5846,27.4493,2.8867,1.3314,7.1785,0.4661,1.5693e-05,1.6898,1.6710,0.5252,0.4407
PPE_TEST_120,0.6517,6.8807e-03,0.9109,0.5313,1.1597,1.0249,1.8666,0.6902,1.0864,1.7020,0.6703,83.4667,81.1936,15.3652,1.2532,1.1644,7.0176,4.2428,1.7227e-05,1.9573,1.1075,0.5542,0.4929
PPE_TEST_121,0.5098,7.6005e-03,0.9526,1.3803,0.5885,0.6003,2.3671,0.9355,0.8335,0.8895,2.2796,42.2808,84.3631,24.4343,2.4573,0.5320,6.9937,1.0577,1.1793e-05,1.6488,1.5021,1.0598,0.5809
PPE_TEST_122,0.7850,2.2949e-03,0.2265,1.8101,1.6594,1.3826,0.7738,0.9293,0.9726,0.6335,4.1855,73.5878,72.8057,30.5219,1.3469,1.5282,9.0468,0.6059,1.1271e-05,1.7601,1.4423,1.0850,0.7068
PPE_TEST_123,0.4061,4.3907e-03,0.2907,0.5951,3.2257,0.5088,2.3430,0.6416,0.5890,1.3293,7.1077,28.3003,94.6546,29.2231,2.3680,1.8655,8.8758,4.7122,1.8700e-05,0.8522,1.9084,0.9783,0.4867
PPE_TEST_124,0.6079,8.5899e-03,0.5300,0.6116,2.5449,0.4832,1.8804,1.4022,1.8734,1.3041,5.6332,62.5863,64.0399,26.1817,2.6840,1.6271,6.3114,4.3286,1.6830e-05,1.2212,0.6551,1.1483,0.7880
PPE_TEST_125,0.8931,7.5334e-04,0.6546,0.8387,3.4328,2.0318,3.1413,0.6475,1.5075,1.9566,7.0263,76.3781,29.2519,34.3973,2.2817,0.8500,2.0524,4.8541,3.0453e-05,0.8415,0.6642,0.7852,0.4750
PPE_TEST_126,0.7588,8.8352e-03,0.6477,0.6993,4.2287,0.4576,2.4697,1.1115,1.1554,1.8250,4.6098,96.4416,53.2568,25.7449,1.2853,1.7363,1.0271,4.6245,2.6558e-05,0.9159,1.6963,0.5629,0.7029
PPE_TEST_127,0.6687,7.8753e-03,1.3502,1.9140,0.4105,3.7608,2.2886,1.1258,0.8442,0.9067,5.0441,66.5388,94.3187,20.9262,1.9332,0.8036,9.9791,1.3630,2.5311e-05,1.9245,1.6348,0.5306,0.7254
PPE_TEST_128,0.3457,3.0805e-03,1.3989,0.6339,0.6709,2.7720,2.0853,1.2475,0.9970,1.7716,2.0911,58.0330,60.4715,23.3676,0.3885,1.4599,4.4476,2.7522,1.3830e-05,1.6964,0.5995,0.6683,0.6829
PPE_TEST_129,0.6727,8.2846e-03,1.1393,1.1645,4.9244,3.8514,3.6927,0.6712,1.9801,1.8117,7.7003,39.3548,75.4270,37.0178,2.3140,0.9651,2.0894,1.5292,1.3258e-05,1.5060,1.4098,0.8303,0.6817
PPE_TEST_130,0.6054,9.6099e-03,0.6019,1.8828,3.4736,0.9418,1.2661,0.7212,0.5978,0.8331,5.7365,67.4279,74.7127,28.9109,1.8761,1.8466,3.0865,1.6059,2.0491e-05,0.9080,1.4625,0.8318,0.7629
PPE_TEST_131,0.6990,1.9243e-03,1.0236,1.8647,0.2291,1.7265,3.8467,1.3535,1.1278,1.3961,6.8753,29.4143,37.2349,32.0498,0.6143,1.5758,4.5019,0.5021,2.6169e-05,1.9492,1.6492,0.7186,0.5401
PPE_TEST_132,0.3398,4.8299e-03,1.4271,1.9026,2.7248,3.5524,2.8272,1.2231,1.4046,1.0211,0.5746,76.7953,78.8439,19.1191,2.7548,1.3025,7.4401,1.4173,1.7561e-06,1.2743,1.8998,0.9476,0.5707
PPE_TEST_133,0.6309,1.2885e-04,1.2148,1.2701,4.8023,2.3370,3.3031,0.9554,1.7861,1.1022,0.7942,36.9633,55.1018,20.7445,2.6053,1.7732,6.8840,0.3827,1.6337e-05,0.6949,1.8546,1.0911,0.6588
PPE_TEST_134,0.3322,7.5914e-03,0.6242,1.9866,1.6819,0.6320,3.8070,1.0142,1.7998,0.7277,0.6384,75.2257,58.1582,19.7942,1.8183,0.6258,9.1124,2.5045,3.8822e-06,1.7940,0.6893,0.9277,0.4156
PPE_TEST_135,0.6614,4.4747e-03,0.5538,1.7647,0.2903,3.2875,0.8044,0.8408,1.4669,1.3827,2.5930,93.2766,69.5718,18.5774,1.5574,1.5169,6.7917,2.7228,4.7537e-06,1.7309,0.9432,1.0755,0.5988
PPE_TEST_136,0.7226,4.0558e-03,0.9227,0.2391,3.3252,0.7341,2.4271,0.7745,0.6339,1.2644,7.8138,65.8288,29.9542,38.7652,1.8002,1.2844,1.6501,1.6443,1.0518e-05,1.8668,1.4322,0.9519,0.6474
PPE_TEST_137,0.5764,7.7197e-03,0.3965,1.4724,3.0723,3.9888,1.2899,1.4246,0.9098,1.7205,4.3200,56.2537,95.3686,16.1766,1.5079,0.7889,3.9392,3.4020,2.7491e-05,1.0182,1.9476,0.5150,0.6191
PPE_TEST_138,0.3042,6.7407e-03,0.2081,1.1464,1.4121,1.8631,3.0195,1.1920,1.7238,1.5735,5.5467,90.3318,90.6186,29.6716,1.5645,1.0354,9.3595,0.6337,1.8850e-05,1.4893,1.7086,0.8767,0.7941
PPE_TEST_139,0.7015,7.3217e-03,1.0064,1.0588,2.0155,0.7828,2.6198,0.8552,1.3793,1.5456,7.3993,46.4983,28.8681,26.7504,2.9682,0.8474,3.2158,2.6123,2.5235e-05,1.1037,1.7992,0.5952,0.5955
PPE_TEST_140,0.2444,2.4957e-03,0.1362,1.5665,2.2061,2.6343,2.7213,1.2677,1.3126,1.6129,2.4045,73.4584,58.7602,35.8961,0.7612,1.0896,4.6715,3.2073,1.5449e-06,1.1193,0.5237,1.0113,0.4065
PPE_TEST_141,0.7770,2.3964e-04,0.2567,1.3529,4.3324,1.6181,2.3949,1.3959,0.7018,1.0493,7.4542,48.7337,79.9145,33.6775,2.7695,1.6344,7.3414,3.5706,8.8005e-06,1.9652,0.7225,0.9051,0.7854
PPE_TEST_142,0.2948,1.4405e-03,0.1633,1.1166,3.8928,1.1936,3.6549,1.0444,1.2872,1.7471,3.4240,32.8840,54.0881,40.6218,2.1405,0.9513,4.8270,3.1420,2.8686e-05,0.6822,1.7315,1.1909,0.5929
PPE_TEST_143,0.7094,8.8739e-03,0.9008,0.8932,1.4733,1.4417,2.9914,0.6604,0.9177,0.8493,5.9502,49.1322,86.7767,28.6575,1.4385,1.3854,0.5685,3.5036,1.2741e-05,0.7652,0.6327,0.9321,0.6186
PPE_TEST_144,0.7793,7.3963e-03,0.1471,1.6078,0.8386,3.0261,1.1449,0.9533,0.5708,1.8567,3.2391,54.1325,66.1145,39.1154,1.1445,1.3964,2.3130,3.8502,1.8650e-06,1.2172,0.5177,0.6325,0.7709
PPE_TEST_145,0.2323,8.6328e-03,0.6177,0.7855,2.3212,2.5620,1.5630,0.8325,1.6587,1.6508,4.5470,25.0012,82.9596,31.5519,2.9248,1.6665,1.6996,3.2159,1.5434e-05,1.5822,1.5831,1.1280,0.4941
PPE_TEST_146,0.4573,8.0908e-03,0.7182,1.2313,0.3603,2.3041,2.5129,1.3800,1.2999,0.9378,6.7603,95.6910,50.9482,18.8164,0.6748,0.6020,3.0574,2.1504,9.2700e-06,1.5564,1.4134,0.9911,0.4702
PPE_TEST_147,0.7305,8.7772e-03,1.2725,1.7146,2.4932,3.5183,3.2992,1.3210,0.8877,1.8745,6.5842,95.4616,42.6582,38.8881,1.0348,1.4770,4.6792,1.4332,2.6856e-05,1.6756,1.2411,0.6538,0.7479
PPE_TEST_148,0.8197,8.9573e-03,0.2992,0.4240,3.3060,1.5583,3.1575,0.8213,0.7205,1.8692,5.1612,63.0933,96.3058,23.8966,2.8988,1.5839,2.0045,3.1677,5.6775e-06,1.9959,1.3743,1.0660,0.7783
PPE_TEST_149,0.6279,2.6346e-03,0.4113,1.2942,0.1949,0.7248,1.6070,1.4171,1.0167,0.6580,6.2812,31.3077,60.9545,22.1941,2.3450,1.3449,5.0699,4.9008,4.5274e-06,1.1422,0.7958,0.9133,0.5466
PPE_TEST_150,0.7707,3.2366e-03,0.1787,0.3418,1.7237,1.1031,3.0628,1.2722,1.1729,1.1376,3.6813,86.9963,83.4313,27.7495,0.5001,1.4451,6.5131,1.9305,1.3006e-05,1.9153,1.0112,0.9220,0.4729
